description,main_group,anomaly_type,anomaly_decision_score,calories,protein,carbohydrate,fat_total_lipid,fiber,sugar_total,sodium,calcium,vitamin_c
"Milk, dry, not reconstituted, NS as to fat content",Dairy & Eggs,Extreme Macro Imbalance,-0.07862913045512354,359.49,36.16,51.98,0.77,0.0,51.98,535,1257,6.8
"Milk, dry, not reconstituted, whole",Dairy & Eggs,Extreme Macro Imbalance,-0.04617852801974409,499.35,26.32,38.42,26.71,0.0,38.42,371,912,8.6
"Milk, dry, not reconstituted, low fat (1%)",Dairy & Eggs,Extreme Macro Imbalance,-0.08035582316082757,364.79,35.8,51.46,1.75,0.0,51.46,530,1245,6.7
"Milk, dry, not reconstituted, fat free (skim)",Dairy & Eggs,Extreme Macro Imbalance,-0.07862913045512354,359.49,36.16,51.98,0.77,0.0,51.98,535,1257,6.8
"Whey, sweet, dry",Supplements & Sports,Extreme Macro Imbalance,-0.08452840043337673,359.19,12.93,74.46,1.07,0.0,74.46,1079,796,1.5
"Cocoa powder, not reconstituted",Sweets & Desserts,Extreme Macro Imbalance,-0.00694745489675519,433.3,19.6,57.9,13.7,37.0,1.75,21,128,0.0
"Chocolate beverage powder, dry mix, not reconstituted",Beverages,Extreme Macro Imbalance,-0.054432578217437744,399.75,4.55,90.28,2.27,4.5,81.82,136,455,27.3
"Chocolate beverage powder, light, dry mix, not reconstituted",Beverages,Extreme Macro Imbalance,-0.07316587049910162,350.1,9.09,68.31,4.5,9.1,27.27,500,909,54.5
"Milk, malted, dry mix, not reconstituted",Dairy & Eggs,Extreme Macro Imbalance,-0.11353740113102839,371.84,0.0,92.96,0.0,0.0,72.73,530,909,54.5
"Strawberry beverage powder, dry mix, not reconstituted",Fruits,Extreme Macro Imbalance,-0.015063552146508341,398.6,0.1,99.1,0.2,0.0,95.45,38,4,0.3
"Cheese, Parmesan, dry grated",Dairy & Eggs,Extreme Macro Imbalance,-0.05846935807976139,420.0,29.6,12.4,28.0,0.0,0.07,1750,884,0.0
"Cheese, Parmesan, dry grated, reduced fat",Dairy & Eggs,Extreme Macro Imbalance,-0.037280692742786226,392.5,34.8,26.2,16.5,0.0,0.78,1450,842,0.0
"Cheese, Parmesan, hard",Dairy & Eggs,Extreme Macro Imbalance,-0.05846935807976139,420.0,29.6,12.4,28.0,0.0,0.07,1750,884,0.0
"Cheese, Parmesan, dry grated, fat free",Dairy & Eggs,Extreme Macro Imbalance,-0.01596723835751901,365.0,40.0,40.0,5.0,0.0,1.5,1150,800,0.0
"Cheese, American and Swiss blends",Dairy & Eggs,Extreme Macro Imbalance,-0.015090565984694715,368.48,18.0,5.27,30.6,0.0,2.63,1660,866,0.0
Beef jerky,Meat & Poultry,Extreme Macro Imbalance,-0.012617631792245065,407.2,33.2,11.0,25.6,1.8,9.0,1785,20,0.0
Pork jerky,Meat & Poultry,Extreme Macro Imbalance,-0.012617631792245065,407.2,33.2,11.0,25.6,1.8,9.0,1785,20,0.0
"Bacon, NS as to type of meat, cooked",Meat & Poultry,Extreme Macro Imbalance,-0.00037927390818293105,458.29,33.92,1.7,35.09,0.0,0.0,1684,11,0.0
"Pork bacon, NS as to fresh, smoked or cured, cooked",Meat & Poultry,Extreme Macro Imbalance,-0.00037927390818293105,458.29,33.92,1.7,35.09,0.0,0.0,1684,11,0.0
"Pork bacon, smoked or cured, cooked",Meat & Poultry,Extreme Macro Imbalance,-0.00037927390818293105,458.29,33.92,1.7,35.09,0.0,0.0,1684,11,0.0
"Bacon or side pork, fresh, cooked",Meat & Poultry,Extreme Macro Imbalance,-0.00037927390818293105,458.29,33.92,1.7,35.09,0.0,0.0,1684,11,0.0
"Salt pork, cooked",Meat & Poultry,High Calorie Trap,-0.07848092898483527,748.09,2.68,0.0,81.93,0.0,0.0,2039,11,0.0
"Fat back, cooked",Meat & Poultry,High Calorie Trap,-0.07848092898483527,748.09,2.68,0.0,81.93,0.0,0.0,2039,11,0.0
"Pork, cracklings, cooked",Meat & Poultry,Extreme Macro Imbalance,-0.00037927390818293105,458.29,33.92,1.7,35.09,0.0,0.0,1684,11,0.0
Pork skin rinds,Meat & Poultry,High Calorie Trap,-0.031084536319675005,526.9,61.3,0.0,31.3,0.0,0.0,1818,30,0.5
Venison/deer jerky,Meat & Poultry,Extreme Macro Imbalance,-0.020512960041065842,389.37,32.2,14.72,22.41,0.0,14.75,2955,18,0.0
"Fish, NS as to type, dried",Seafood,Extreme Protein Source,-0.061378859558340326,272.61,62.82,0.0,2.37,0.0,0.0,7027,160,3.5
"Cod, dried, salted",Seafood,Extreme Protein Source,-0.061378859558340326,272.61,62.82,0.0,2.37,0.0,0.0,7027,160,3.5
"Octopus, dried",Seafood,Extreme Protein Source,-0.004756036972907052,294.9,56.52,8.34,3.94,0.0,0.0,1312,201,18.0
"Shrimp, dried",Seafood,Extreme Protein Source,-0.05464791857466722,237.76,51.7,0.0,3.44,0.0,0.0,2203,367,10.4
Fish moochim,Seafood,Extreme Macro Imbalance,-0.026813959890366612,340.63,37.83,10.18,16.51,0.8,8.48,4950,102,2.0
"Papad, grilled or broiled",Other,Extreme Macro Imbalance,-0.041356179182828745,370.97,25.56,59.87,3.25,18.6,0.0,1745,143,0.0
Soy nuts,Other,Extreme Macro Imbalance,-0.02152773342670533,503.68,38.55,30.22,25.4,17.7,4.2,163,138,2.2
"Textured vegetable protein, dry",Plant-based Alternatives,Extreme Protein Source,-0.046406793128603185,352.5,51.46,33.92,1.22,17.5,16.42,20,241,0.0
Bacon bits,Meat & Poultry,Extreme Macro Imbalance,-0.05181263684258519,475.5,32.0,28.6,25.9,10.2,0.0,1770,101,1.9
"Almonds, NFS",Fast Food & Prepared,Extreme Macro Imbalance,-0.04656204668154873,640.74,20.96,21.01,52.54,10.9,4.86,3,268,0.0
"Almonds, unroasted",Other,Extreme Macro Imbalance,-0.043976021857322634,620.17,21.15,21.55,49.93,12.5,4.35,1,269,0.0
"Almonds, salted",Other,Extreme Macro Imbalance,-0.03246575311195954,642.11,20.13,20.18,53.43,10.5,4.67,386,258,0.0
"Almonds, lightly salted",Other,Extreme Macro Imbalance,-0.03664468834225276,645.34,20.23,20.28,53.7,10.5,4.69,195,259,0.0
"Almonds, unsalted",Other,Extreme Macro Imbalance,-0.053046924258657424,648.48,20.33,20.38,53.96,10.6,4.71,3,260,0.0
"Almonds, flavored",Other,Extreme Macro Imbalance,-0.03137768621481907,640.19,20.07,20.12,53.27,10.4,4.65,500,257,0.0
"Almonds, honey roasted",Condiments & Sauces,Extreme Macro Imbalance,-0.0012179841437781613,607.86,14.11,35.84,45.34,7.3,25.01,385,181,0.0
Brazil nuts,Other,Extreme Macro Imbalance,-0.05069114244159412,708.14,14.32,11.74,67.1,7.5,2.33,3,160,0.7
Hazelnuts,Other,Extreme Macro Imbalance,-0.05629421431041859,673.35,14.95,16.7,60.75,9.7,4.34,0,114,6.3
Macadamia nuts,"Legumes, Nuts & Seeds",Extreme Macro Imbalance,-0.024083834380416835,767.2,7.79,12.83,76.08,8.0,4.14,353,70,0.7
"Mixed nuts, unroasted",Other,Extreme Macro Imbalance,-0.016073220460163795,647.69,16.96,23.17,54.13,7.6,4.66,7,139,0.9
"Mixed nuts, with peanuts, unsalted",Other,Extreme Macro Imbalance,-0.010848514096531536,650.25,19.74,21.21,54.05,7.6,4.57,6,94,0.4
"Mixed nuts, without peanuts, unsalted",Other,Extreme Macro Imbalance,-0.013991795667789741,655.46,16.44,22.46,55.54,7.4,4.52,7,135,0.9
"Peanuts, NFS",Fast Food & Prepared,Extreme Macro Imbalance,-0.004965738740291159,629.38,24.35,21.26,49.66,8.4,4.9,410,58,0.0
"Peanuts, unroasted",Other,Extreme Macro Imbalance,-0.02010462649381317,610.88,25.8,16.13,49.24,8.5,4.72,18,92,0.0
"Peanuts, roasted, salted",Other,Extreme Macro Imbalance,-0.02347740671748766,645.66,28.03,15.26,52.5,9.4,4.18,320,61,0.8
"Peanuts, roasted, unsalted",Other,Extreme Macro Imbalance,-0.02886413794294307,645.66,28.03,15.26,52.5,9.4,4.18,6,61,0.8
"Peanuts, dry roasted, salted",Other,Extreme Macro Imbalance,-0.004965738740291159,629.38,24.35,21.26,49.66,8.4,4.9,410,58,0.0
"Peanuts, dry roasted, lightly salted",Other,Extreme Macro Imbalance,-0.0053637486477382534,626.21,24.23,21.15,49.41,8.4,4.88,199,58,0.0
"Peanuts, dry roasted, unsalted",Other,Extreme Macro Imbalance,-0.012799040854444388,629.38,24.35,21.26,49.66,8.4,4.9,6,58,0.0
"Pecans, NFS",Fast Food & Prepared,Extreme Macro Imbalance,-0.05758587981071672,739.85,9.17,13.86,71.97,9.6,3.97,0,70,1.1
"Pecans, unroasted",Other,Extreme Macro Imbalance,-0.05758587981071672,739.85,9.17,13.86,71.97,9.6,3.97,0,70,1.1
"Pecans, salted",Other,Extreme Macro Imbalance,-0.045403031677742844,737.29,8.81,13.31,72.09,9.2,3.81,383,68,1.1
"Pecans, unsalted",Other,Extreme Macro Imbalance,-0.062062734953660326,744.65,8.9,13.44,72.81,9.3,3.85,0,68,1.1
Pine nuts,Other,Extreme Macro Imbalance,-0.012123831696806642,722.41,13.69,13.08,68.37,3.7,3.59,2,16,0.8
"Pistachio nuts, NFS","Legumes, Nuts & Seeds",Extreme Macro Imbalance,-0.029685721193580816,609.7,21.05,28.28,45.82,10.3,7.74,6,107,3.0
"Pistachio nuts, salted","Legumes, Nuts & Seeds",Extreme Macro Imbalance,-0.019295778162592203,612.34,20.22,27.16,46.98,9.9,7.43,389,103,2.9
"Pistachio nuts, lightly salted","Legumes, Nuts & Seeds",Extreme Macro Imbalance,-0.02011147149941339,615.37,20.32,27.3,47.21,9.9,7.47,198,104,2.9
"Pistachio nuts, unsalted","Legumes, Nuts & Seeds",Extreme Macro Imbalance,-0.02927126093802146,618.36,20.42,27.43,47.44,10.0,7.51,6,104,2.9
"Walnuts, excluding honey roasted",Condiments & Sauces,Extreme Macro Imbalance,-0.023659624470313445,702.65,15.23,13.71,65.21,6.7,2.61,2,98,1.3
Almond butter,Dairy & Eggs,Extreme Macro Imbalance,-0.047526710444355524,658.62,20.96,18.82,55.5,10.3,6.27,227,347,0.0
"Almond butter, lower sodium",Dairy & Eggs,Extreme Macro Imbalance,-0.052355834251293976,658.62,20.96,18.82,55.5,10.3,6.27,115,347,0.0
"Peanut butter, lower sugar",Dairy & Eggs,Extreme Macro Imbalance,-0.003018481058619904,650.13,24.8,14.23,54.89,7.8,6.35,292,72,0.0
Soy nut butter,Dairy & Eggs,Extreme Macro Imbalance,-0.047526710444355524,658.62,20.96,18.82,55.5,10.3,6.27,227,347,0.0
"Pumpkin seeds, NFS",Vegetables,Extreme Macro Imbalance,-0.009764772684562995,619.65,29.84,14.71,49.05,6.5,1.29,18,52,1.8
"Pumpkin seeds, unsalted",Vegetables,Extreme Macro Imbalance,-0.009764772684562995,619.65,29.84,14.71,49.05,6.5,1.29,18,52,1.8
"Sunflower seeds, plain, unsalted","Legumes, Nuts & Seeds",Extreme Macro Imbalance,-0.0240855117319001,621.8,19.33,24.07,49.8,11.1,2.73,3,70,1.4
"Sunflower seeds, plain, salted","Legumes, Nuts & Seeds",Extreme Macro Imbalance,-0.010303546358351401,614.41,19.1,23.78,49.21,11.0,2.7,462,70,1.4
"Sunflower seeds, flavored","Legumes, Nuts & Seeds",Extreme Macro Imbalance,-0.00794885475294782,605.52,18.45,25.92,47.56,10.6,5.55,612,68,1.3
"Sunflower seeds, NFS","Legumes, Nuts & Seeds",Extreme Macro Imbalance,-0.0240855117319001,621.8,19.33,24.07,49.8,11.1,2.73,3,70,1.4
Sesame seeds,"Legumes, Nuts & Seeds",Extreme Macro Imbalance,-0.06749101249948808,679.61,20.45,11.73,61.21,11.6,0.48,47,60,0.0
Tahini,"Legumes, Nuts & Seeds",Extreme Macro Imbalance,-0.044068931461165306,636.6,17.0,21.19,53.76,9.3,0.49,115,426,0.0
Flax seeds,"Legumes, Nuts & Seeds",Extreme Macro Imbalance,-0.0509550611945202,568.12,18.29,28.88,42.16,27.3,1.55,30,255,0.6
Mixed seeds,Other,Extreme Macro Imbalance,-0.017877479662353757,621.25,21.96,21.73,49.61,10.0,2.37,7,66,1.5
Chia seeds,"Legumes, Nuts & Seeds",Extreme Macro Imbalance,-0.0509550611945202,568.12,18.29,28.88,42.16,27.3,1.55,30,255,0.6
"Cookie, sugar wafer, sugar free",Sweets & Desserts,Extreme Macro Imbalance,-0.008018567731811976,536.45,3.57,66.26,28.57,14.3,0.0,71,0,0.0
Cereal or granola bar (General Mills Fiber One Chewy Bar),Grains & Bakery,Extreme Macro Imbalance,-0.01332729555459422,389.28,5.0,69.82,10.0,22.5,25.0,237,250,1.2
"Cereal or granola bar, high fiber, coated with non-chocolate yogurt coating",Dairy & Eggs,Extreme Macro Imbalance,-0.01332729555459422,389.28,5.0,69.82,10.0,22.5,25.0,237,250,1.2
Nutrition bar (Balance Original Bar),Sweets & Desserts,Extreme Macro Imbalance,-0.003785380108379144,414.92,28.0,48.73,12.0,3.1,34.89,253,543,11.2
Nutrition bar (Clif Bar),Sweets & Desserts,Extreme Macro Imbalance,-0.04140424851615654,373.52,14.71,65.44,5.88,7.4,31.62,195,368,88.2
Nutrition bar (Clif Kids Organic Zbar),Sweets & Desserts,Extreme Macro Imbalance,-0.020693950991438226,408.56,5.55,74.72,9.72,8.3,30.56,375,444,39.1
Nutrition bar (PowerBar),Sweets & Desserts,Extreme Macro Imbalance,-0.07623429429966655,363.11,14.15,69.63,3.11,5.7,30.07,308,504,92.3
Nutrition bar (Slim Fast Original Meal Bar),Sweets & Desserts,Extreme Macro Imbalance,-0.07746778089149697,385.88,16.19,60.21,8.92,5.1,25.0,253,668,96.6
Nutrition bar (Snickers Marathon Protein Bar),Sweets & Desserts,Extreme Macro Imbalance,-0.09058521020540433,414.5,25.0,50.5,12.5,12.5,28.75,238,625,75.0
Nutrition bar (South Beach Living Meal Bar),Sweets & Desserts,Extreme Macro Imbalance,-0.07746778089149697,385.88,16.19,60.21,8.92,5.1,25.0,253,668,96.6
Nutrition bar (South Beach Living High Protein Bar),Sweets & Desserts,Extreme Macro Imbalance,-0.008438479272214527,411.49,30.34,38.4,15.17,7.3,15.17,436,322,27.9
Nutrition bar (Zone Perfect Classic Crunch),Dairy & Eggs,Extreme Macro Imbalance,-0.03316917605778502,426.0,30.0,45.0,14.0,2.0,27.0,444,200,120.0
"Nutrition bar or meal replacement bar, NFS",Sweets & Desserts,Extreme Macro Imbalance,-0.03316917605778502,426.0,30.0,45.0,14.0,2.0,27.0,444,200,120.0
"Cereal bar with fruit filling, baby food",Infant Nutrition,Extreme Macro Imbalance,-0.015169805812651593,343.94,5.43,68.63,5.3,1.7,42.0,157,1053,2.4
"Cereal, oat, NFS",Grains & Bakery,Extreme Macro Imbalance,-0.011448456215540026,401.8,12.4,73.2,6.6,10.1,4.5,497,357,21.4
Cereal (Kellogg's All-Bran),Grains & Bakery,Extreme Macro Imbalance,-0.06198191013914511,393.62,13.14,74.24,4.9,29.3,15.69,258,389,20.0
Cereal (Kellogg's Apple Jacks),Fruits,Extreme Macro Imbalance,-0.01313510183365263,403.8,5.1,88.2,3.4,9.3,43.7,466,12,54.0
Cereal (General Mills Cheerios Banana Nut),Fruits,Extreme Macro Imbalance,-0.019853642465484822,396.76,5.5,84.69,4.0,6.1,33.09,533,357,53.6
Cereal (General Mills Cheerios),Grains & Bakery,Extreme Macro Imbalance,-0.011448456215540026,401.8,12.4,73.2,6.6,10.1,4.5,497,357,21.4
Cereal (General Mills Cheerios Chocolate),Grains & Bakery,Extreme Macro Imbalance,-0.028094737086114874,403.01,5.8,83.5,5.09,6.2,34.09,556,370,55.6
Cereal (General Mills Cinnamon Toast Crunch),Grains & Bakery,Extreme Macro Imbalance,-0.006017241541203533,426.01,5.45,77.99,10.25,6.8,30.3,567,444,19.4
Cereal (General Mills 25% Less Sugar Cinnamon Toast Crunch),Grains & Bakery,Extreme Macro Imbalance,-0.06112761400409927,422.13,5.09,78.19,9.89,11.2,21.39,565,714,17.1
"Cereal, corn puffs",Grains & Bakery,Extreme Macro Imbalance,-0.036866665012519895,393.18,7.69,82.82,3.46,8.8,9.76,596,570,25.4
Cereal (General Mills Fiber One),Grains & Bakery,Extreme Macro Imbalance,-0.06035663729708962,384.17,6.59,84.3,2.29,46.2,1.0,356,333,20.0
Cereal (General Mills Fiber One Honey Clusters),Grains & Bakery,Extreme Macro Imbalance,-0.010061844841839362,389.67,7.69,83.9,2.59,19.0,17.79,394,192,11.5
Cereal (General Mills Fiber One Raisin Bran Clusters),Fruits,Extreme Macro Imbalance,-0.009213310914136352,379.41,6.3,83.4,2.29,17.9,25.6,337,182,10.9
Cereal (Kellogg's All-Bran Complete Wheat Flakes),Grains & Bakery,Extreme Macro Imbalance,-0.08163695357845502,389.7,10.2,81.6,2.5,17.3,18.8,718,39,207.0
Cereal (Kellogg's Froot Loops),Grains & Bakery,Extreme Macro Imbalance,-0.012328842345068702,403.8,5.3,88.0,3.4,9.3,34.5,469,10,52.0
Cereal (General Mills Cheerios Fruity),Grains & Bakery,Extreme Macro Imbalance,-0.018167879022160327,401.27,5.8,84.19,4.59,5.9,32.2,501,370,55.6
Cereal (General Mills Cheerios Honey Nut),Grains & Bakery,Extreme Macro Imbalance,-0.01047611988179431,399.16,8.85,79.69,5.0,7.1,32.89,566,425,21.4
Cereal (Kashi Heart to Heart Honey Toasted Oat),Meat & Poultry,Extreme Macro Imbalance,-0.03678978472227601,405.32,11.39,78.69,5.0,13.7,15.5,267,41,91.0
Cereal (General Mills Kix),Grains & Bakery,Extreme Macro Imbalance,-0.036866665012519895,393.18,7.69,82.82,3.46,8.8,9.76,596,570,25.4
Cereal (General Mills Honey Kix),Grains & Bakery,Extreme Macro Imbalance,-0.019376191187635006,392.7,6.4,83.0,3.9,8.3,18.2,582,455,27.3
Cereal (Kellogg's Krave),Grains & Bakery,Extreme Macro Imbalance,-0.03189721361724318,415.81,6.19,82.08,6.97,10.1,33.23,554,17,64.8
Cereal (General Mills Lucky Charms),Grains & Bakery,Extreme Macro Imbalance,-0.01127250661462742,399.42,7.67,80.89,5.02,5.0,36.13,648,434,26.6
Cereal (Malt-O-Meal Honey Nut Toasty O's),Grains & Bakery,Extreme Macro Imbalance,-0.01047611988179431,399.16,8.85,79.69,5.0,7.1,32.89,566,425,21.4
Cereal (Malt-O-Meal Toasted Oat Cereal),Grains & Bakery,Extreme Macro Imbalance,-0.011448456215540026,401.8,12.4,73.2,6.6,10.1,4.5,497,357,21.4
Cereal (General Mills Cheerios Multigrain),Grains & Bakery,Extreme Macro Imbalance,-0.007477244332217636,395.61,8.3,81.4,4.09,8.7,21.2,401,345,20.7
Cereal (Barbara's Puffins),Grains & Bakery,Extreme Macro Imbalance,-0.047742618582091945,398.94,7.41,84.0,3.7,18.5,18.52,704,70,55.6
Cereal (Kellogg's Special K Blueberry),Fruits,Extreme Macro Imbalance,-0.01633207048501628,386.3,6.9,86.3,1.5,8.6,26.7,481,18,70.0
Cereal (Kellogg's Special K Chocolatey Delight),Grains & Bakery,Extreme Macro Imbalance,-0.03264419080031389,416.5,6.5,81.2,7.3,10.6,29.9,582,18,68.0
Cereal (Kellogg's Special K Red Berries),Grains & Bakery,Extreme Macro Imbalance,-0.021538935027175077,385.17,6.3,87.09,1.29,8.5,29.7,619,24,68.0
Cereal (Kellogg's Special K Fruit & Yogurt),Dairy & Eggs,Extreme Macro Imbalance,-0.003850901666637707,395.7,7.1,85.3,2.9,8.1,32.1,452,27,66.0
Cereal (Kellogg's Special K Vanilla Almond),Grains & Bakery,Extreme Macro Imbalance,-0.029607993542293154,399.2,7.8,83.0,4.0,9.6,29.2,559,34,70.0
Cereal (Kellogg's Special K Cinnamon Pecan),Grains & Bakery,Extreme Macro Imbalance,-0.029069737510608706,408.8,7.5,81.2,6.0,10.3,24.0,650,30,70.0
"Cereal, toasted oat",Grains & Bakery,Extreme Macro Imbalance,-0.019441806446194643,394.92,10.71,75.96,5.36,10.7,3.57,571,357,21.4
Cereal (General Mills Chex Wheat),Grains & Bakery,Extreme Macro Imbalance,-0.0007815016550649645,384.2,9.8,82.2,1.8,12.2,10.3,570,213,12.8
"Barley cereal, baby food, dry, instant",Infant Nutrition,Extreme Macro Imbalance,-0.0005832661714310072,389.8,13.2,69.4,6.6,6.6,13.2,33,643,0.0
"Mixed cereal, baby food, dry, instant",Infant Nutrition,Extreme Macro Imbalance,-0.07037827222918902,399.42,6.66,78.21,6.66,6.7,26.66,33,800,58.3
"Oatmeal cereal, baby food, dry, instant",Infant Nutrition,Extreme Macro Imbalance,-0.011946941479958895,395.12,10.99,73.48,6.36,7.3,11.67,21,1160,0.0
"Rice cereal, baby food, dry, instant",Infant Nutrition,Extreme Macro Imbalance,-0.009048741618781109,378.87,6.65,83.14,2.19,1.3,4.85,32,860,2.4
"Rice cereal with apples, baby food, dry, instant",Infant Nutrition,Extreme Macro Imbalance,-0.01399935418130438,395.96,6.7,86.89,2.4,3.0,3.22,16,850,0.0
"Rice cereal with mixed fruits, baby food, dry, instant",Infant Nutrition,Extreme Macro Imbalance,-0.010456661701258585,388.5,6.6,88.5,0.9,2.6,1.35,2,38,250.0
"Mixed cereal with bananas, baby food, dry, instant",Infant Nutrition,Extreme Macro Imbalance,-0.021357759678810706,392.6,10.7,77.1,4.6,7.8,6.68,0,696,3.6
"Multigrain, whole grain cereal, baby food, dry, instant",Infant Nutrition,Extreme Macro Imbalance,-0.07037827222918902,406.95,6.67,80.06,6.67,6.7,26.67,33,800,58.3
"Oatmeal cereal with bananas, baby food, dry, instant",Infant Nutrition,Extreme Macro Imbalance,-0.0663934001722285,398.99,6.67,78.07,6.67,5.2,26.66,33,800,58.3
"Whole wheat cereal with apples, baby food, dry, instant",Infant Nutrition,Extreme Macro Imbalance,-0.05511452002021722,402.4,6.6,83.2,4.8,6.7,26.66,66,600,58.3
"Persimmon, dried",Fruits,Extreme Macro Imbalance,-0.04522538790214903,396.38,1.54,96.07,0.66,9.6,80.06,3,22,4.0
"Fruit bar, with added vitamin C, baby food, toddler",Infant Nutrition,Extreme Macro Imbalance,-0.06726142771727539,329.88,0.82,76.61,2.24,2.0,68.65,14,18,179.9
"Yogurt and fruit snack, baby food",Infant Nutrition,Extreme Macro Imbalance,-0.04458579423649667,380.44,14.29,71.82,4.0,2.3,57.14,286,457,57.1
"Potato sticks, flavored",Vegetables,High Calorie Trap,-0.012439051674627,544.14,6.63,52.77,34.06,3.4,0.22,1010,18,46.8
"Potato sticks, fry shaped",Vegetables,High Calorie Trap,-0.012439051674627,544.14,6.63,52.77,34.06,3.4,0.22,1010,18,46.8
Yeast,Other,Extreme Macro Imbalance,-0.0045858240184130095,395.13,40.44,41.22,7.61,26.9,0.0,51,30,0.3
"Vegetable mixture, dried",Vegetables,Extreme Macro Imbalance,-0.0748663387429318,340.02,17.37,47.79,8.82,18.7,19.81,360,234,177.8
"Oil or table fat, NFS",Condiments & Sauces,Extreme Macro Imbalance,-0.004806879554888899,787.94,0.29,0.18,87.34,0.0,0.02,332,11,0.0
Animal fat or drippings,Other,Extreme Macro Imbalance,-0.006399187207649204,838.54,2.23,0.0,92.18,0.0,0.0,604,5,0.0
Lard,Condiments & Sauces,Extreme Macro Imbalance,-0.03191920607300558,900.0,0.0,0.0,100.0,0.0,0.0,0,0,0.0
"Shortening, NS as to vegetable or animal",Vegetables,Extreme Macro Imbalance,-0.03191920607300558,899.73,0.0,0.0,99.97,0.0,0.0,4,1,0.0
"Ghee, clarified butter",Dairy & Eggs,Nutrient Void,-0.029750309959481136,896.44,0.28,0.0,99.48,0.0,0.0,2,4,0.0
Pesto sauce,Condiments & Sauces,Extreme Macro Imbalance,-0.006549501721830553,590.09,8.61,5.78,59.17,1.0,0.7,988,207,4.1
"Vegetable oil, NFS",Vegetables,Extreme Macro Imbalance,-0.03191920607300558,900.0,0.0,0.0,100.0,0.0,0.0,0,0,0.0
Almond oil,"Legumes, Nuts & Seeds",Extreme Macro Imbalance,-0.03191920607300558,900.0,0.0,0.0,100.0,0.0,0.0,0,0,0.0
Coconut oil,Condiments & Sauces,Nutrient Void,-0.02278480177007247,895.26,0.0,0.84,99.1,0.0,0.0,0,1,0.0
Corn oil,Condiments & Sauces,Extreme Macro Imbalance,-0.03191920607300558,900.0,0.0,0.0,100.0,0.0,0.0,0,0,0.0
Cottonseed oil,Condiments & Sauces,Extreme Macro Imbalance,-0.03191920607300558,900.0,0.0,0.0,100.0,0.0,0.0,0,0,0.0
Flaxseed oil,Condiments & Sauces,Extreme Macro Imbalance,-0.029664321958374096,900.26,0.11,0.0,99.98,0.0,0.0,0,1,0.0
Olive oil,Condiments & Sauces,Extreme Macro Imbalance,-0.03191920607300558,900.0,0.0,0.0,100.0,0.0,0.0,2,1,0.0
Peanut oil,"Legumes, Nuts & Seeds",Extreme Macro Imbalance,-0.03191920607300558,900.0,0.0,0.0,100.0,0.0,0.0,0,0,0.0
Canola oil,Condiments & Sauces,Extreme Macro Imbalance,-0.03191920607300558,900.0,0.0,0.0,100.0,0.0,0.0,0,0,0.0
Safflower oil,Condiments & Sauces,Extreme Macro Imbalance,-0.03191920607300558,900.0,0.0,0.0,100.0,0.0,0.0,0,0,0.0
Sesame oil,Condiments & Sauces,Extreme Macro Imbalance,-0.03191920607300558,900.0,0.0,0.0,100.0,0.0,0.0,0,0,0.0
Soybean oil,"Legumes, Nuts & Seeds",Extreme Macro Imbalance,-0.03191920607300558,900.0,0.0,0.0,100.0,0.0,0.0,0,0,0.0
Sunflower oil,Condiments & Sauces,Extreme Macro Imbalance,-0.03191920607300558,900.0,0.0,0.0,100.0,0.0,0.0,0,0,0.0
Walnut oil,"Legumes, Nuts & Seeds",Extreme Macro Imbalance,-0.03191920607300558,900.0,0.0,0.0,100.0,0.0,0.0,0,0,0.0
Wheat germ oil,Grains & Bakery,Extreme Macro Imbalance,-0.03191920607300558,900.0,0.0,0.0,100.0,0.0,0.0,0,0,0.0
"Bacon, for use with vegetables",Meat & Poultry,Extreme Macro Imbalance,-0.00037927390818293105,458.29,33.92,1.7,35.09,0.0,0.0,1684,11,0.0
"Bacon, for use on a sandwich",Meat & Poultry,Extreme Macro Imbalance,-0.00037927390818293105,458.29,33.92,1.7,35.09,0.0,0.0,1684,11,0.0
"Sugar, NFS",Fast Food & Prepared,Extreme Macro Imbalance,-0.01537878872422005,401.28,0.0,99.6,0.32,0.0,99.8,1,1,0.0
"Sugar, white, granulated or lump",Other,Extreme Macro Imbalance,-0.01537878872422005,401.28,0.0,99.6,0.32,0.0,99.8,1,1,0.0
"Sugar, white, confectioner's, powdered",Other,Extreme Macro Imbalance,-0.016189178110369573,399.08,0.0,99.77,0.0,0.0,97.81,2,1,0.0
"Sugar, brown",Other,Extreme Macro Imbalance,-0.011104896407930442,392.84,0.12,98.09,0.0,0.0,97.02,28,83,0.0
"Sugar, cinnamon",Condiments & Sauces,Extreme Macro Imbalance,-0.007800919399759909,397.62,0.28,98.27,0.38,3.7,92.99,2,71,0.3
Sugar substitute and sugar blend,Other,Extreme Macro Imbalance,-0.01537878872422005,400.19,0.0,99.35,0.31,0.0,99.22,1,1,0.0
"Sugar substitute, sucralose, powder",Other,Extreme Macro Imbalance,-0.013224208161099038,364.68,0.0,91.17,0.0,0.0,80.33,0,0,0.0
"Sugar substitute, powder, NFS",Fast Food & Prepared,Extreme Macro Imbalance,-0.0006861964297922851,363.2,0.66,90.14,0.0,0.0,82.09,150,0,0.0
"Sugar substitute, aspartame, powder",Other,Extreme Macro Imbalance,-0.0021195100491994134,365.0,2.17,89.08,0.0,0.0,80.7,0,0,0.0
Honey,Condiments & Sauces,Extreme Macro Imbalance,-8.7836679429798e-05,330.8,0.3,82.4,0.0,0.2,82.12,4,6,0.5
Guava paste,Fruits,Extreme Macro Imbalance,-0.007991118678468467,293.07,0.1,72.56,0.27,1.1,71.62,2,3,43.9
"Almonds, chocolate covered",Sweets & Desserts,Extreme Macro Imbalance,-0.035562573807637055,594.65,17.1,32.9,43.85,9.8,18.5,24,245,0.0
"Almonds, yogurt-covered",Dairy & Eggs,High Calorie Trap,-0.01281484716760406,566.32,12.75,44.86,37.32,5.6,36.26,49,234,0.3
Butterscotch morsels,Other,High Calorie Trap,-0.004729623061982879,538.65,2.2,67.1,29.05,0.0,67.1,89,34,0.1
"Nuts, carob-coated",Other,Extreme Macro Imbalance,-0.0047485144422335646,577.71,15.81,37.56,40.47,7.2,19.32,58,242,0.2
Fondant,Other,Extreme Macro Imbalance,-0.013627807526601754,372.9,0.0,93.18,0.02,0.0,88.9,11,3,0.0
Fruit leather and fruit snacks candy,Fruits,Extreme Macro Imbalance,-0.030285558478069463,365.0,0.55,84.31,2.84,0.0,53.37,258,25,88.0
Fun Fruits Creme Supremes,Other,Extreme Macro Imbalance,-0.013171183036505107,481.4,3.68,69.33,21.04,0.1,55.26,176,136,45.9
Tamarind candy,Fruits,Extreme Macro Imbalance,-0.0614692759658525,367.84,0.0,91.96,0.0,2.5,78.57,1643,0,0.0
"Fruit snacks candy, with high vitamin C",Fruits,Extreme Macro Imbalance,-0.07574352710547738,352.2,0.08,87.97,0.0,0.0,68.18,23,0,136.4
"Yogurt covered fruit snacks candy, with added vitamin C",Dairy & Eggs,Extreme Macro Imbalance,-0.11316511565500176,415.1,0.0,86.9,7.5,0.2,65.0,75,500,180.0
"Yogurt covered fruit snacks candy rolls, with high vitamin C",Dairy & Eggs,Extreme Macro Imbalance,-0.07696943960353442,359.17,0.46,74.64,6.53,3.3,39.15,8,430,260.8
"Sesame Crunch, Sahadi","Legumes, Nuts & Seeds",High Calorie Trap,-0.03848778843125211,547.3,11.6,50.3,33.3,7.7,31.17,167,639,0.0
Butterscotch hard candy,Sweets & Desserts,Extreme Macro Imbalance,-0.0043712330288082635,391.42,0.03,90.4,3.3,0.0,80.46,391,4,0.0
Skittles,Other,Extreme Macro Imbalance,-0.05093371910421973,403.21,0.19,90.78,4.37,0.0,75.84,15,0,66.8
"Tea, iced, instant, black, pre-sweetened, dry",Beverages,Extreme Macro Imbalance,-0.011835216459437303,401.25,0.12,98.55,0.73,0.7,95.29,5,2,0.0
"Fruit flavored drink, with high vitamin C, powdered, not reconstituted",Beverages,Extreme Macro Imbalance,-0.11047705890810422,395.76,0.0,98.94,0.0,0.4,92.31,17,385,230.8
"Fruit flavored drink, powdered, not reconstituted",Beverages,Extreme Macro Imbalance,-0.03447911156328909,400.69,0.0,97.9,1.01,0.0,97.15,130,11,40.6
"Fruit flavored drink, powdered, not reconstituted, diet",Other,Extreme Macro Imbalance,-0.11174853555927533,351.68,0.45,87.38,0.04,0.1,0.0,404,1047,560.0
"Sports drink, dry concentrate, not reconstituted",Supplements & Sports,Extreme Macro Imbalance,-0.03447911156328909,400.69,0.0,97.9,1.01,0.0,97.15,130,11,40.6
Nutritional powder mix (Carnation Instant Breakfast),Supplements & Sports,Extreme Macro Imbalance,-0.06274273327493096,357.0,19.9,66.2,1.4,0.4,65.8,385,285,76.9
"Nutritional powder mix, sugar free (Carnation Instant Breakfast)",Supplements & Sports,Extreme Macro Imbalance,-0.1095424904372071,353.1,35.8,41.0,5.1,2.0,39.0,717,500,138.0
"Nutritional powder mix, high protein (Herbalife)",Supplements & Sports,Extreme Protein Source,-0.10236686607735779,392.19,53.57,20.38,10.71,0.0,3.57,1214,714,75.0
Nutritional powder mix (Isopure),Supplements & Sports,Extreme Protein Source,-0.06149049861996547,359.28,58.14,29.07,1.16,0.0,1.16,372,698,34.9
Nutritional powder mix (Kellogg's Special K20 Protein Water),Supplements & Sports,Extreme Macro Imbalance,-0.013846343133266492,379.8,35.2,58.4,0.6,37.5,2.0,280,115,0.0
Nutritional powder mix (Muscle Milk),Supplements & Sports,Extreme Macro Imbalance,-0.02989377534851978,411.1,45.71,18.5,17.14,7.1,5.71,329,500,30.0
"Nutritional powder mix, light (Muscle Milk)",Supplements & Sports,Extreme Macro Imbalance,-0.05628341512537338,396.0,50.0,22.0,12.0,2.0,4.0,250,1200,42.0
Nutritional powder mix (Slim Fast),Supplements & Sports,Extreme Macro Imbalance,-0.0315567156914035,448.26,8.13,73.92,13.34,18.1,38.02,472,364,1.3
"Nutritional powder mix, sugar free (Slim Fast)",Supplements & Sports,Extreme Macro Imbalance,-0.0315567156914035,448.26,8.13,73.92,13.34,18.1,38.02,472,364,1.3
"Nutritional powder mix, high protein (Slim Fast)",Supplements & Sports,Extreme Macro Imbalance,-0.1336640764823276,432.62,27.87,50.0,13.46,18.2,20.59,495,1039,103.8
"Nutritional powder mix, NFS",Supplements & Sports,Extreme Macro Imbalance,-0.06274273327493096,357.0,19.9,66.2,1.4,0.4,65.8,385,285,76.9
"Nutritional powder mix, high protein, NFS",Supplements & Sports,Extreme Protein Source,-0.10236686607735779,392.19,53.57,20.38,10.71,0.0,3.57,1214,714,75.0
"Nutritional powder mix, whey based, NFS",Supplements & Sports,Extreme Protein Source,-0.005395580508897213,351.56,78.13,6.25,1.56,3.1,0.0,156,469,0.0
"Nutritional powder mix, protein, light, NFS",Supplements & Sports,Extreme Macro Imbalance,-0.05628341512537338,396.0,50.0,22.0,12.0,2.0,4.0,250,1200,42.0
"Nutritional powder mix, protein, NFS",Supplements & Sports,Extreme Protein Source,-0.005395580508897213,351.56,78.13,6.25,1.56,3.1,0.0,156,469,0.0
Industrial oil as ingredient in food,Condiments & Sauces,Extreme Macro Imbalance,-0.03191920607300558,900.0,0.0,0.0,100.0,0.0,0.0,0,0,0.0
